/*
 Navicat Premium Data Transfer
 Source Server         : laragon_usuario
 Source Server Type    : MySQL
 Source Server Version : 50724
 Source Host           : localhost:3306
 Source Schema         : db_registroasistencia
 Target Server Type    : MySQL
 Target Server Version : 50724
 File Encoding         : 6500
 Date: 20/08/2019 02:30:44
*/

SET NAMES utf8mb4;
SET FOREIGN_KEY_CHECKS = 0;

-- ----------------------------
-- Table structure for tb_alumno
-- ----------------------------
DROP TABLE IF EXISTS `tb_alumno`;
CREATE TABLE `tb_alumno`  (
  `idcodigo` int(6) UNSIGNED ZEROFILL NOT NULL,
  `foto` varchar(200) CHARACTER SET latin1 COLLATE latin1_swedish_ci NULL DEFAULT NULL,
  `dni` varchar(14) CHARACTER SET latin1 COLLATE latin1_swedish_ci NULL DEFAULT NULL,
  `appaterno` varchar(20) CHARACTER SET latin1 COLLATE latin1_swedish_ci NOT NULL,
  `apmaterno` varchar(20) CHARACTER SET latin1 COLLATE latin1_swedish_ci NULL DEFAULT NULL,
  `nombre` varchar(30) CHARACTER SET latin1 COLLATE latin1_swedish_ci NOT NULL,
  `telefono` int(11) NULL DEFAULT NULL,
  `email` varchar(50) CHARACTER SET latin1 COLLATE latin1_swedish_ci NULL DEFAULT NULL,
  `direccion` varchar(400) CHARACTER SET latin1 COLLATE latin1_swedish_ci NULL DEFAULT NULL,
  PRIMARY KEY (`idcodigo`) USING BTREE
) ENGINE = InnoDB CHARACTER SET = latin1 COLLATE = latin1_swedish_ci ROW_FORMAT = Dynamic;

-- ----------------------------
-- Records of tb_alumno
-- ----------------------------
INSERT INTO `tb_alumno` VALUES (060592, NULL, NULL, 'TTITO', 'ACCOSTUPA', 'ROMARIO', NULL, NULL, NULL);
INSERT INTO `tb_alumno` VALUES (081321, NULL, NULL, 'VALDEIGLESIAS', 'QUISPE', 'CRISTHIAN EDDY', NULL, NULL, NULL);
INSERT INTO `tb_alumno` VALUES (083192, NULL, NULL, 'GROVAS', 'MENDOZA', 'MILNER', NULL, NULL, NULL);
INSERT INTO `tb_alumno` VALUES (094303, NULL, NULL, 'NAHUAMEL', 'SARCE', 'DENIS ANGEL', NULL, NULL, NULL);
INSERT INTO `tb_alumno` VALUES (100248, NULL, NULL, 'SONCCO', 'FLOREZ', 'JHOEL SANTIAGO', NULL, NULL, NULL);
INSERT INTO `tb_alumno` VALUES (100262, NULL, NULL, 'CATARI', 'SINSAYA', 'JAIME AMILCAR', NULL, NULL, NULL);
INSERT INTO `tb_alumno` VALUES (100522, NULL, NULL, 'SOTO', 'SOTOMAYOR', 'KRYSTYAN', NULL, NULL, NULL);
INSERT INTO `tb_alumno` VALUES (101036, NULL, NULL, 'SIVINCHA', 'OLIVA', 'MARITZA', NULL, NULL, NULL);
INSERT INTO `tb_alumno` VALUES (101037, NULL, NULL, 'URQUIZO', 'FUENTES', 'JESUS FABRIZIO', NULL, NULL, NULL);
INSERT INTO `tb_alumno` VALUES (101658, NULL, NULL, 'CHOQUE', 'CCOA', 'DENNIS ALIPIO', NULL, NULL, NULL);
INSERT INTO `tb_alumno` VALUES (103170, NULL, NULL, 'MOROCCO', 'LAYME', 'JONATHAN', NULL, NULL, NULL);
INSERT INTO `tb_alumno` VALUES (103172, NULL, NULL, 'PALOMINO', 'POVEA', 'ANGEL', NULL, NULL, NULL);
INSERT INTO `tb_alumno` VALUES (103637, NULL, NULL, 'AMAO', 'SULLCAHUAMAN', 'SHUI DANITZA', NULL, NULL, NULL);
INSERT INTO `tb_alumno` VALUES (103649, NULL, NULL, 'UMERES', 'JIMENEZ', 'PATRICIA', NULL, NULL, NULL);
INSERT INTO `tb_alumno` VALUES (110125, NULL, NULL, 'LOPINTA', 'HUAMAN', 'CRISTIAN RODRIGO', NULL, NULL, NULL);
INSERT INTO `tb_alumno` VALUES (111649, NULL, NULL, 'HUAYACONZA', 'CONDORI', 'ARTHUR DAVIS', NULL, NULL, NULL);
INSERT INTO `tb_alumno` VALUES (111651, NULL, NULL, 'QUISPE', 'SOTO', 'WILLIAM', NULL, NULL, NULL);
INSERT INTO `tb_alumno` VALUES (111860, NULL, NULL, 'CHALCO', 'CARRASCO', 'DENNIS ERICK', NULL, NULL, NULL);
INSERT INTO `tb_alumno` VALUES (114145, NULL, NULL, 'HUARAC', 'SAÑAC', 'YOVANA', NULL, NULL, NULL);
INSERT INTO `tb_alumno` VALUES (120277, NULL, NULL, 'CASSA', 'LIPA', 'EDWIN DENNIS', NULL, NULL, NULL);
INSERT INTO `tb_alumno` VALUES (120283, NULL, NULL, 'LÓPEZ', 'RAMOS', 'NELSON', NULL, NULL, NULL);
INSERT INTO `tb_alumno` VALUES (120285, NULL, NULL, 'PUMA', 'JARA', 'MIGUEL ANGEL CRISOLOGO', NULL, NULL, NULL);
INSERT INTO `tb_alumno` VALUES (120889, NULL, NULL, 'JALLO', 'QUISPE', 'ALDO DENNIS', NULL, NULL, NULL);
INSERT INTO `tb_alumno` VALUES (121460, NULL, NULL, 'QUISPE', 'CHAUCCA', 'ASTRID', NULL, NULL, NULL);
INSERT INTO `tb_alumno` VALUES (124203, NULL, NULL, 'GOMEZ', 'GARCIA', 'GRECIA MEDALIHT', NULL, NULL, NULL);
INSERT INTO `tb_alumno` VALUES (124205, NULL, NULL, 'HUAYNAPATA', 'QUISPE', 'MARICRUZ', NULL, NULL, NULL);
INSERT INTO `tb_alumno` VALUES (124210, NULL, NULL, 'POLO', 'DOLMOS', 'JORGE', NULL, NULL, NULL);
INSERT INTO `tb_alumno` VALUES (124218, NULL, NULL, 'UGARTE', 'LLANCAY', 'CARLOS ALFONSO', NULL, NULL, NULL);
INSERT INTO `tb_alumno` VALUES (124219, NULL, NULL, 'VALLE', 'HUAMAN', 'MARIA ANGELA', NULL, NULL, NULL);
INSERT INTO `tb_alumno` VALUES (124812, NULL, NULL, 'CANDIA', 'RUBIO', 'HUBERT RANCES', NULL, NULL, NULL);
INSERT INTO `tb_alumno` VALUES (124815, NULL, NULL, 'LOAYZA', 'CONDOR', 'CATHERINE LIZBED', NULL, NULL, NULL);
INSERT INTO `tb_alumno` VALUES (130348, NULL, NULL, 'ORTOGORIN', 'CONDORI', 'LISBETH', NULL, NULL, NULL);
INSERT INTO `tb_alumno` VALUES (130730, NULL, NULL, 'ALVAREZ', 'CORNEJO', 'JAHIL DANIEL', NULL, NULL, NULL);
INSERT INTO `tb_alumno` VALUES (130736, NULL, NULL, 'CUTIRE', 'ARCE', 'NICO ALVARO', NULL, NULL, NULL);
INSERT INTO `tb_alumno` VALUES (130743, NULL, NULL, 'UGARTE', 'FLORES', 'DANIEL DARIO', NULL, NULL, NULL);
INSERT INTO `tb_alumno` VALUES (131444, NULL, NULL, 'ORTIZ', 'RAURAU', 'GABRIEL EDUARDO', NULL, NULL, NULL);
INSERT INTO `tb_alumno` VALUES (133581, NULL, NULL, 'UMERES', 'LOAYZA', 'JOSE SAUL', NULL, NULL, NULL);
INSERT INTO `tb_alumno` VALUES (133970, NULL, NULL, 'HUALLPA', 'MIRANO', 'ANSONY', NULL, NULL, NULL);
INSERT INTO `tb_alumno` VALUES (133971, NULL, NULL, 'HUARCAYA', 'LEON', 'ALDAIR', NULL, NULL, NULL);
INSERT INTO `tb_alumno` VALUES (133972, NULL, NULL, 'HURTADO', 'ACHAHUI', 'CAROL YENY', NULL, NULL, NULL);
INSERT INTO `tb_alumno` VALUES (134164, NULL, NULL, 'TINTAYA', 'TTITO', 'IBEHT', NULL, NULL, NULL);
INSERT INTO `tb_alumno` VALUES (134537, NULL, NULL, 'HUAYTA', 'OBLITAS', 'JOSE CARLOS', NULL, NULL, NULL);
INSERT INTO `tb_alumno` VALUES (134541, NULL, NULL, 'QUISPE', 'HANCCO', 'LIBIO ARMANDO', NULL, NULL, NULL);
INSERT INTO `tb_alumno` VALUES (134544, NULL, NULL, 'ZUNIGA', 'HUAMAN', 'EDI FRAI', NULL, NULL, NULL);
INSERT INTO `tb_alumno` VALUES (134547, NULL, NULL, 'CATUNTA', 'CHUCHULLO', 'JOSE LUIS', NULL, NULL, NULL);
INSERT INTO `tb_alumno` VALUES (140145, NULL, NULL, 'FLORES', 'MOLINA', 'GONZALO AMIR', NULL, NULL, NULL);
INSERT INTO `tb_alumno` VALUES (140985, NULL, NULL, 'LIMPE', 'QUISPE', 'JERRY ANDERSON', NULL, NULL, NULL);
INSERT INTO `tb_alumno` VALUES (140989, NULL, NULL, 'CALLASACA', 'ACUÑA', 'FERNANDO', NULL, NULL, NULL);
INSERT INTO `tb_alumno` VALUES (143830, NULL, NULL, 'AIMA', 'JALISTO', 'JOHN ALDAIR', NULL, NULL, NULL);
INSERT INTO `tb_alumno` VALUES (143832, NULL, NULL, 'HUAMAN', 'HUAYLLANI', 'JAVIER WILLIAN', NULL, NULL, NULL);
INSERT INTO `tb_alumno` VALUES (144987, NULL, NULL, 'MENDOZA', 'CJUIRO', 'NILO FIDEL', NULL, NULL, NULL);
INSERT INTO `tb_alumno` VALUES (144992, NULL, NULL, 'QUINTANILLA', 'CERON', 'JIMY NICANOR', NULL, NULL, NULL);
INSERT INTO `tb_alumno` VALUES (144994, NULL, NULL, 'SULLCAHUAMAN', 'VALDEZ', 'DENNYS YUTARO', NULL, NULL, NULL);
INSERT INTO `tb_alumno` VALUES (144999, NULL, NULL, 'LIMA', 'RAMOS', 'ANIBAL', NULL, NULL, NULL);
INSERT INTO `tb_alumno` VALUES (145010, NULL, NULL, 'CHOQUEMAMANI', 'YUCRA', 'JAVIER', NULL, NULL, NULL);
INSERT INTO `tb_alumno` VALUES (150389, NULL, NULL, 'CONDE', 'SALLO', 'JHACK STEVEN', NULL, NULL, NULL);
INSERT INTO `tb_alumno` VALUES (150390, NULL, NULL, 'CORAHUA', 'VALENCIA', 'OMAR DANIEL', NULL, NULL, NULL);
INSERT INTO `tb_alumno` VALUES (150405, NULL, NULL, 'QUISPE', 'CONDORI', 'MARGOT', NULL, NULL, NULL);
INSERT INTO `tb_alumno` VALUES (151775, NULL, NULL, 'QUISPE', 'GONZALES', 'BRENDA NAHOMI', NULL, NULL, NULL);
INSERT INTO `tb_alumno` VALUES (151827, NULL, NULL, 'LEVA', 'SALAS', 'RENAN FERDINAND', NULL, NULL, NULL);
INSERT INTO `tb_alumno` VALUES (151828, NULL, NULL, 'CALDERON', 'COVARRUBIAS', 'EDWIN MARCELO', NULL, NULL, NULL);
INSERT INTO `tb_alumno` VALUES (151834, NULL, NULL, 'HUARANCCA', 'PERALTA', 'TANIA VANESSA', NULL, NULL, NULL);
INSERT INTO `tb_alumno` VALUES (154624, NULL, NULL, 'BOLAÑOS', 'CCOPA', 'RONY', NULL, NULL, NULL);
INSERT INTO `tb_alumno` VALUES (154637, NULL, NULL, 'NINA', 'PONCE', 'JOSUE JOSE', NULL, NULL, NULL);
INSERT INTO `tb_alumno` VALUES (160920, NULL, NULL, 'CHOQUE', 'NAVARRO', 'MARCELO FABIAN', NULL, NULL, NULL);
INSERT INTO `tb_alumno` VALUES (951304, NULL, NULL, 'SALCE', 'MEJIA', 'NOHEMI', NULL, NULL, NULL);

-- ----------------------------
-- Table structure for tb_cargaacademica
-- ----------------------------
DROP TABLE IF EXISTS `tb_cargaacademica`;
CREATE TABLE `tb_cargaacademica`  (
  `id` int(8) UNSIGNED ZEROFILL NOT NULL AUTO_INCREMENT,
  `idcodigocurso` varchar(8) CHARACTER SET latin1 COLLATE latin1_swedish_ci NOT NULL,
  `semestre` varchar(8) CHARACTER SET latin1 COLLATE latin1_swedish_ci NOT NULL,
  PRIMARY KEY (`id`) USING BTREE,
  INDEX `keycodigocurso`(`idcodigocurso`) USING BTREE,
  CONSTRAINT `keycodigocurso` FOREIGN KEY (`idcodigocurso`) REFERENCES `tb_cursos` (`idcodigo`) ON DELETE NO ACTION ON UPDATE CASCADE
) ENGINE = InnoDB AUTO_INCREMENT = 15 CHARACTER SET = latin1 COLLATE = latin1_swedish_ci ROW_FORMAT = Dynamic;

-- ----------------------------
-- Records of tb_cargaacademica
-- ----------------------------
INSERT INTO `tb_cargaacademica` VALUES (00000001, 'IF053AIN', '2019-I');
INSERT INTO `tb_cargaacademica` VALUES (00000002, 'IF203AIN', '2019-I');
INSERT INTO `tb_cargaacademica` VALUES (00000003, 'IF601AIN', '2019-I');
INSERT INTO `tb_cargaacademica` VALUES (00000004, 'IF471AIN', '2019-I');
INSERT INTO `tb_cargaacademica` VALUES (00000005, 'IF513AIN', '2019-I');
INSERT INTO `tb_cargaacademica` VALUES (00000006, 'IF505AIN', '2019-I');
INSERT INTO `tb_cargaacademica` VALUES (00000007, 'IF425AIN', '2019-I');
INSERT INTO `tb_cargaacademica` VALUES (00000008, 'IF209AIN', '2019-I');
INSERT INTO `tb_cargaacademica` VALUES (00000009, 'IF506AIN', '2019-I');
INSERT INTO `tb_cargaacademica` VALUES (00000010, 'IF213ZIN', '2019-I');
INSERT INTO `tb_cargaacademica` VALUES (00000011, 'IF210AIN', '2019-I');
INSERT INTO `tb_cargaacademica` VALUES (00000012, 'IF603AIN', '2019-I');
INSERT INTO `tb_cargaacademica` VALUES (00000013, 'IF212AIN', '2019-I');
INSERT INTO `tb_cargaacademica` VALUES (00000014, 'IF001AIN', '2019-I');

-- ----------------------------
-- Table structure for tb_cargadetalle
-- ----------------------------
DROP TABLE IF EXISTS `tb_cargadetalle`;
CREATE TABLE `tb_cargadetalle`  (
  `id` int(11) UNSIGNED ZEROFILL NOT NULL AUTO_INCREMENT,
  `idacademica` int(8) UNSIGNED ZEROFILL NOT NULL,
  `iddocente` varchar(5) CHARACTER SET latin1 COLLATE latin1_swedish_ci NOT NULL,
  `grupo` char(2) CHARACTER SET latin1 COLLATE latin1_swedish_ci NOT NULL,
  `horas` varchar(50) CHARACTER SET latin1 COLLATE latin1_swedish_ci NOT NULL,
  `dias` varchar(50) CHARACTER SET latin1 COLLATE latin1_swedish_ci NOT NULL,
  `salon` varchar(7) CHARACTER SET latin1 COLLATE latin1_swedish_ci NOT NULL,
  PRIMARY KEY (`id`) USING BTREE,
  INDEX `keydocente`(`iddocente`) USING BTREE,
  INDEX `keyacademica`(`idacademica`) USING BTREE,
  CONSTRAINT `keyacademica` FOREIGN KEY (`idacademica`) REFERENCES `tb_cargaacademica` (`id`) ON DELETE NO ACTION ON UPDATE CASCADE,
  CONSTRAINT `keydocente` FOREIGN KEY (`iddocente`) REFERENCES `tb_docente` (`idcodigo`) ON DELETE NO ACTION ON UPDATE CASCADE
) ENGINE = InnoDB AUTO_INCREMENT = 7 CHARACTER SET = latin1 COLLATE = latin1_swedish_ci ROW_FORMAT = Dynamic;

-- ----------------------------
-- Records of tb_cargadetalle
-- ----------------------------
INSERT INTO `tb_cargadetalle` VALUES (00000000001, 00000008, 'IN011', '', '9-11|9-10', 'Miercoles|Viernes', '201');
INSERT INTO `tb_cargadetalle` VALUES (00000000002, 00000008, 'IN011', 'B', '9-11', 'Lunes', '303');
INSERT INTO `tb_cargadetalle` VALUES (00000000003, 00000008, 'IN012', 'A', '9-11', 'Lunes', '305');
INSERT INTO `tb_cargadetalle` VALUES (00000000004, 00000005, 'IN008', '', '9-11|10-11', 'Jueves|Viernes', '203');
INSERT INTO `tb_cargadetalle` VALUES (00000000005, 00000005, 'IN008', 'A', '9-11', 'Martes', '304');
INSERT INTO `tb_cargadetalle` VALUES (00000000006, 00000005, 'IN007', 'B', '9-11', 'Martes', '302');

-- ----------------------------
-- Table structure for tb_cursos
-- ----------------------------
DROP TABLE IF EXISTS `tb_cursos`;
CREATE TABLE `tb_cursos`  (
  `idcodigo` varchar(8) CHARACTER SET latin1 COLLATE latin1_swedish_ci NOT NULL,
  `nombre` varchar(70) CHARACTER SET latin1 COLLATE latin1_swedish_ci NOT NULL,
  `tiene_lab` tinyint(1) NOT NULL,
  `categoria` char(3) CHARACTER SET latin1 COLLATE latin1_swedish_ci NOT NULL,
  `creditos` tinyint(2) NOT NULL,
  `requisitos` varchar(24) CHARACTER SET latin1 COLLATE latin1_swedish_ci NULL DEFAULT NULL,
  `creditonecesario` int(4) NULL DEFAULT NULL,
  PRIMARY KEY (`idcodigo`) USING BTREE
) ENGINE = InnoDB CHARACTER SET = latin1 COLLATE = latin1_swedish_ci ROW_FORMAT = Dynamic;

-- ----------------------------
-- Records of tb_cursos
-- ----------------------------
INSERT INTO `tb_cursos` VALUES ('IF001AIN', 'SEMINARIO EN INFORMATICA', 0, 'SEM', 3, NULL, 180);
INSERT INTO `tb_cursos` VALUES ('IF053AIN', 'ACTIVIDADES DE PRODUCCION DE BIENES Y PRESTACION DE SERVICIOS', 0, 'AC', 1, NULL, 130);
INSERT INTO `tb_cursos` VALUES ('IF203AIN', 'ADMINISTRACION DE CENTROS DE COMPUTO', 0, 'OE', 4, NULL, 130);
INSERT INTO `tb_cursos` VALUES ('IF209AIN', 'INGENIERIA DE SOFTWARE', 1, 'OE', 4, 'IF202', NULL);
INSERT INTO `tb_cursos` VALUES ('IF210AIN', 'PLANEAMIENTO ESTRATEGICO', 0, 'OE', 4, 'IF209', NULL);
INSERT INTO `tb_cursos` VALUES ('IF212AIN', 'SEGURIDAD CONTROL Y AUDITORIA DE SISTEMAS DE INFORMACION', 0, 'EE', 4, 'IF213', NULL);
INSERT INTO `tb_cursos` VALUES ('IF213ZIN', 'SISTEMAS DE INFORMACION GERENCIAL', 0, 'EE', 3, 'IF202', NULL);
INSERT INTO `tb_cursos` VALUES ('IF425AIN', 'CONSTRUCCION DE COMPILADORES', 1, 'OE', 4, NULL, 150);
INSERT INTO `tb_cursos` VALUES ('IF471AIN', 'MODELOS Y SIMULACION', 1, 'OE', 4, 'ME660', NULL);
INSERT INTO `tb_cursos` VALUES ('IF505AIN', 'REDES Y TELEPROCESO I', 1, 'OE', 4, 'IF533', NULL);
INSERT INTO `tb_cursos` VALUES ('IF506AIN', 'REDES Y TELEPROCESO II', 1, 'EE', 4, 'IF505', NULL);
INSERT INTO `tb_cursos` VALUES ('IF513AIN', 'PROGRAMACION CONCURRENTE Y PARALELA', 1, 'EE', 4, 'IF501,IF403', NULL);
INSERT INTO `tb_cursos` VALUES ('IF601AIN', 'INTELIGENCIA ARTIFICIAL', 1, 'OE', 4, 'IF301', NULL);
INSERT INTO `tb_cursos` VALUES ('IF603AIN', 'ROBOTICA Y PROCESAMIENTO DE SEÑAL', 1, 'OE', 4, 'IF601', NULL);

-- ----------------------------
-- Table structure for tb_docente
-- ----------------------------
DROP TABLE IF EXISTS `tb_docente`;
CREATE TABLE `tb_docente`  (
  `idcodigo` varchar(5) CHARACTER SET latin1 COLLATE latin1_swedish_ci NOT NULL,
  `foto` varchar(200) CHARACTER SET latin1 COLLATE latin1_swedish_ci NULL DEFAULT NULL,
  `dni` varchar(14) CHARACTER SET latin1 COLLATE latin1_swedish_ci NULL DEFAULT NULL,
  `appaterno` varchar(20) CHARACTER SET latin1 COLLATE latin1_swedish_ci NOT NULL,
  `apmaterno` varchar(20) CHARACTER SET latin1 COLLATE latin1_swedish_ci NULL DEFAULT NULL,
  `nombre` varchar(30) CHARACTER SET latin1 COLLATE latin1_swedish_ci NOT NULL,
  `telefono` int(11) NULL DEFAULT NULL,
  `email` varchar(50) CHARACTER SET latin1 COLLATE latin1_swedish_ci NULL DEFAULT NULL,
  `direccion` varchar(400) CHARACTER SET latin1 COLLATE latin1_swedish_ci NULL DEFAULT NULL,
  PRIMARY KEY (`idcodigo`) USING BTREE
) ENGINE = InnoDB CHARACTER SET = latin1 COLLATE = latin1_swedish_ci ROW_FORMAT = Dynamic;

-- ----------------------------
-- Records of tb_docente
-- ----------------------------
INSERT INTO `tb_docente` VALUES ('IN001', NULL, NULL, 'IBARRA', 'ZANBRANO', 'WALDO ELIO', NULL, NULL, NULL);
INSERT INTO `tb_docente` VALUES ('IN002', NULL, NULL, 'PEÑALOZA', 'FIGUEROA', 'MANUEL AURELIO', NULL, NULL, NULL);
INSERT INTO `tb_docente` VALUES ('IN003', NULL, NULL, 'PALMA', 'TTITO', 'LUIS BELTRAN', NULL, NULL, NULL);
INSERT INTO `tb_docente` VALUES ('IN004', NULL, NULL, 'PILLCO', 'QUISPE', 'JOSE MAURO', NULL, NULL, NULL);
INSERT INTO `tb_docente` VALUES ('IN005', NULL, NULL, 'CHULLO', 'LLAVE', 'BORIS', NULL, NULL, NULL);
INSERT INTO `tb_docente` VALUES ('IN006', NULL, NULL, 'VILLA', 'RODRIGUEZ', 'WALDO', NULL, NULL, NULL);
INSERT INTO `tb_docente` VALUES ('IN007', NULL, NULL, 'SONCCO', 'ALVAREZ', 'JOSE LUIS', NULL, NULL, NULL);
INSERT INTO `tb_docente` VALUES ('IN008', NULL, NULL, 'MEDRANO', 'VALENCIA', 'IVAN CESAR', NULL, NULL, NULL);
INSERT INTO `tb_docente` VALUES ('IN009', NULL, NULL, 'CARRASCO', 'POBLETE', 'EDWIN', NULL, NULL, NULL);
INSERT INTO `tb_docente` VALUES ('IN010', NULL, NULL, 'FLORES', 'PACHECO', 'LINO PRISCILIANO', NULL, NULL, NULL);
INSERT INTO `tb_docente` VALUES ('IN011', NULL, NULL, 'ZAMALLOA', 'PARO', 'WILLIAN', NULL, NULL, NULL);
INSERT INTO `tb_docente` VALUES ('IN012', NULL, NULL, 'ALZAMORA', 'PAREDES', 'ROBERT', NULL, NULL, NULL);
INSERT INTO `tb_docente` VALUES ('IN013', NULL, NULL, 'VILLAFUERTE', 'SERNA', 'RONY', NULL, NULL, NULL);
INSERT INTO `tb_docente` VALUES ('IN014', NULL, NULL, 'PILLCO', 'QUISPE', 'JOSE MAURO', NULL, NULL, NULL);
INSERT INTO `tb_docente` VALUES ('IN015', NULL, NULL, 'QUISPE', 'ONOFRE', 'CARLOS RAMON', NULL, NULL, NULL);
INSERT INTO `tb_docente` VALUES ('IN016', NULL, NULL, 'ENCISO', 'RODAS', 'LAURO', NULL, NULL, NULL);

-- ----------------------------
-- Table structure for tb_matricula
-- ----------------------------
DROP TABLE IF EXISTS `tb_matricula`;
CREATE TABLE `tb_matricula`  (
  `id` int(11) UNSIGNED ZEROFILL NOT NULL AUTO_INCREMENT,
  `idalumno` int(6) UNSIGNED ZEROFILL NOT NULL,
  `idacademica` int(8) UNSIGNED ZEROFILL NOT NULL,
  `iddetalle` int(11) UNSIGNED ZEROFILL NOT NULL,
  `nota1` tinyint(4) NULL DEFAULT NULL,
  `nota2` tinyint(4) NULL DEFAULT NULL,
  `nota3` tinyint(4) NULL DEFAULT NULL,
  `notafinal` tinyint(4) NULL DEFAULT NULL,
  `asistencia` tinyint(4) NULL DEFAULT NULL,
  `semestre` varchar(8) CHARACTER SET latin1 COLLATE latin1_swedish_ci NOT NULL,
  PRIMARY KEY (`id`) USING BTREE,
  INDEX `keyalumno`(`idalumno`) USING BTREE,
  INDEX `keyacademico`(`idacademica`) USING BTREE,
  INDEX `keydetalleacademico`(`iddetalle`) USING BTREE,
  CONSTRAINT `keyacademico` FOREIGN KEY (`idacademica`) REFERENCES `tb_cargaacademica` (`id`) ON DELETE NO ACTION ON UPDATE CASCADE,
  CONSTRAINT `keyalumno` FOREIGN KEY (`idalumno`) REFERENCES `tb_alumno` (`idcodigo`) ON DELETE NO ACTION ON UPDATE CASCADE,
  CONSTRAINT `keydetalleacademico` FOREIGN KEY (`iddetalle`) REFERENCES `tb_cargadetalle` (`id`) ON DELETE NO ACTION ON UPDATE CASCADE
) ENGINE = InnoDB AUTO_INCREMENT = 74 CHARACTER SET = latin1 COLLATE = latin1_swedish_ci ROW_FORMAT = Dynamic;

-- ----------------------------
-- Records of tb_matricula
-- ----------------------------
INSERT INTO `tb_matricula` VALUES (00000000001, 143830, 00000008, 00000000003, NULL, NULL, NULL, NULL, NULL, '2019-I');
INSERT INTO `tb_matricula` VALUES (00000000002, 130730, 00000008, 00000000003, NULL, NULL, NULL, NULL, NULL, '2019-I');
INSERT INTO `tb_matricula` VALUES (00000000003, 151828, 00000008, 00000000003, NULL, NULL, NULL, NULL, NULL, '2019-I');
INSERT INTO `tb_matricula` VALUES (00000000004, 140989, 00000008, 00000000003, NULL, NULL, NULL, NULL, NULL, '2019-I');
INSERT INTO `tb_matricula` VALUES (00000000005, 124812, 00000008, 00000000003, NULL, NULL, NULL, NULL, NULL, '2019-I');
INSERT INTO `tb_matricula` VALUES (00000000006, 120277, 00000008, 00000000003, NULL, NULL, NULL, NULL, NULL, '2019-I');
INSERT INTO `tb_matricula` VALUES (00000000007, 100262, 00000008, 00000000003, NULL, NULL, NULL, NULL, NULL, '2019-I');
INSERT INTO `tb_matricula` VALUES (00000000008, 150389, 00000008, 00000000003, NULL, NULL, NULL, NULL, NULL, '2019-I');
INSERT INTO `tb_matricula` VALUES (00000000009, 130736, 00000008, 00000000003, NULL, NULL, NULL, NULL, NULL, '2019-I');
INSERT INTO `tb_matricula` VALUES (00000000010, 083192, 00000008, 00000000003, NULL, NULL, NULL, NULL, NULL, '2019-I');
INSERT INTO `tb_matricula` VALUES (00000000011, 133970, 00000008, 00000000003, NULL, NULL, NULL, NULL, NULL, '2019-I');
INSERT INTO `tb_matricula` VALUES (00000000012, 143832, 00000008, 00000000003, NULL, NULL, NULL, NULL, NULL, '2019-I');
INSERT INTO `tb_matricula` VALUES (00000000013, 114145, 00000008, 00000000003, NULL, NULL, NULL, NULL, NULL, '2019-I');
INSERT INTO `tb_matricula` VALUES (00000000014, 151834, 00000008, 00000000003, NULL, NULL, NULL, NULL, NULL, '2019-I');
INSERT INTO `tb_matricula` VALUES (00000000015, 124205, 00000008, 00000000003, NULL, NULL, NULL, NULL, NULL, '2019-I');
INSERT INTO `tb_matricula` VALUES (00000000016, 133972, 00000008, 00000000002, NULL, NULL, NULL, NULL, NULL, '2019-I');
INSERT INTO `tb_matricula` VALUES (00000000017, 144999, 00000008, 00000000002, NULL, NULL, NULL, NULL, NULL, '2019-I');
INSERT INTO `tb_matricula` VALUES (00000000018, 140985, 00000008, 00000000002, NULL, NULL, NULL, NULL, NULL, '2019-I');
INSERT INTO `tb_matricula` VALUES (00000000019, 110125, 00000008, 00000000002, NULL, NULL, NULL, NULL, NULL, '2019-I');
INSERT INTO `tb_matricula` VALUES (00000000020, 130348, 00000008, 00000000002, NULL, NULL, NULL, NULL, NULL, '2019-I');
INSERT INTO `tb_matricula` VALUES (00000000021, 124210, 00000008, 00000000002, NULL, NULL, NULL, NULL, NULL, '2019-I');
INSERT INTO `tb_matricula` VALUES (00000000022, 121460, 00000008, 00000000002, NULL, NULL, NULL, NULL, NULL, '2019-I');
INSERT INTO `tb_matricula` VALUES (00000000023, 150405, 00000008, 00000000002, NULL, NULL, NULL, NULL, NULL, '2019-I');
INSERT INTO `tb_matricula` VALUES (00000000024, 100522, 00000008, 00000000002, NULL, NULL, NULL, NULL, NULL, '2019-I');
INSERT INTO `tb_matricula` VALUES (00000000025, 134164, 00000008, 00000000002, NULL, NULL, NULL, NULL, NULL, '2019-I');
INSERT INTO `tb_matricula` VALUES (00000000026, 060592, 00000008, 00000000002, NULL, NULL, NULL, NULL, NULL, '2019-I');
INSERT INTO `tb_matricula` VALUES (00000000027, 130743, 00000008, 00000000002, NULL, NULL, NULL, NULL, NULL, '2019-I');
INSERT INTO `tb_matricula` VALUES (00000000028, 124218, 00000008, 00000000002, NULL, NULL, NULL, NULL, NULL, '2019-I');
INSERT INTO `tb_matricula` VALUES (00000000029, 081321, 00000008, 00000000002, NULL, NULL, NULL, NULL, NULL, '2019-I');
INSERT INTO `tb_matricula` VALUES (00000000030, 103637, 00000005, 00000000005, NULL, NULL, NULL, NULL, NULL, '2019-I');
INSERT INTO `tb_matricula` VALUES (00000000031, 154624, 00000005, 00000000005, NULL, NULL, NULL, NULL, NULL, '2019-I');
INSERT INTO `tb_matricula` VALUES (00000000032, 140989, 00000005, 00000000005, NULL, NULL, NULL, NULL, NULL, '2019-I');
INSERT INTO `tb_matricula` VALUES (00000000033, 134547, 00000005, 00000000005, NULL, NULL, NULL, NULL, NULL, '2019-I');
INSERT INTO `tb_matricula` VALUES (00000000034, 111860, 00000005, 00000000005, NULL, NULL, NULL, NULL, NULL, '2019-I');
INSERT INTO `tb_matricula` VALUES (00000000035, 101658, 00000005, 00000000005, NULL, NULL, NULL, NULL, NULL, '2019-I');
INSERT INTO `tb_matricula` VALUES (00000000036, 160920, 00000005, 00000000005, NULL, NULL, NULL, NULL, NULL, '2019-I');
INSERT INTO `tb_matricula` VALUES (00000000037, 145010, 00000005, 00000000005, NULL, NULL, NULL, NULL, NULL, '2019-I');
INSERT INTO `tb_matricula` VALUES (00000000038, 150390, 00000005, 00000000005, NULL, NULL, NULL, NULL, NULL, '2019-I');
INSERT INTO `tb_matricula` VALUES (00000000039, 130736, 00000005, 00000000005, NULL, NULL, NULL, NULL, NULL, '2019-I');
INSERT INTO `tb_matricula` VALUES (00000000040, 140145, 00000005, 00000000005, NULL, NULL, NULL, NULL, NULL, '2019-I');
INSERT INTO `tb_matricula` VALUES (00000000041, 124203, 00000005, 00000000005, NULL, NULL, NULL, NULL, NULL, '2019-I');
INSERT INTO `tb_matricula` VALUES (00000000042, 083192, 00000005, 00000000005, NULL, NULL, NULL, NULL, NULL, '2019-I');
INSERT INTO `tb_matricula` VALUES (00000000043, 133970, 00000005, 00000000005, NULL, NULL, NULL, NULL, NULL, '2019-I');
INSERT INTO `tb_matricula` VALUES (00000000044, 133971, 00000005, 00000000005, NULL, NULL, NULL, NULL, NULL, '2019-I');
INSERT INTO `tb_matricula` VALUES (00000000045, 111649, 00000005, 00000000005, NULL, NULL, NULL, NULL, NULL, '2019-I');
INSERT INTO `tb_matricula` VALUES (00000000046, 124205, 00000005, 00000000005, NULL, NULL, NULL, NULL, NULL, '2019-I');
INSERT INTO `tb_matricula` VALUES (00000000047, 134537, 00000005, 00000000005, NULL, NULL, NULL, NULL, NULL, '2019-I');
INSERT INTO `tb_matricula` VALUES (00000000048, 120889, 00000005, 00000000005, NULL, NULL, NULL, NULL, NULL, '2019-I');
INSERT INTO `tb_matricula` VALUES (00000000049, 151827, 00000005, 00000000005, NULL, NULL, NULL, NULL, NULL, '2019-I');
INSERT INTO `tb_matricula` VALUES (00000000050, 124815, 00000005, 00000000005, NULL, NULL, NULL, NULL, NULL, '2019-I');
INSERT INTO `tb_matricula` VALUES (00000000051, 120283, 00000005, 00000000005, NULL, NULL, NULL, NULL, NULL, '2019-I');
INSERT INTO `tb_matricula` VALUES (00000000052, 144987, 00000005, 00000000006, NULL, NULL, NULL, NULL, NULL, '2019-I');
INSERT INTO `tb_matricula` VALUES (00000000053, 103170, 00000005, 00000000006, NULL, NULL, NULL, NULL, NULL, '2019-I');
INSERT INTO `tb_matricula` VALUES (00000000054, 094303, 00000005, 00000000006, NULL, NULL, NULL, NULL, NULL, '2019-I');
INSERT INTO `tb_matricula` VALUES (00000000055, 154637, 00000005, 00000000006, NULL, NULL, NULL, NULL, NULL, '2019-I');
INSERT INTO `tb_matricula` VALUES (00000000056, 131444, 00000005, 00000000006, NULL, NULL, NULL, NULL, NULL, '2019-I');
INSERT INTO `tb_matricula` VALUES (00000000057, 103172, 00000005, 00000000006, NULL, NULL, NULL, NULL, NULL, '2019-I');
INSERT INTO `tb_matricula` VALUES (00000000058, 124210, 00000005, 00000000006, NULL, NULL, NULL, NULL, NULL, '2019-I');
INSERT INTO `tb_matricula` VALUES (00000000059, 120285, 00000005, 00000000006, NULL, NULL, NULL, NULL, NULL, '2019-I');
INSERT INTO `tb_matricula` VALUES (00000000060, 144992, 00000005, 00000000006, NULL, NULL, NULL, NULL, NULL, '2019-I');
INSERT INTO `tb_matricula` VALUES (00000000061, 150405, 00000005, 00000000006, NULL, NULL, NULL, NULL, NULL, '2019-I');
INSERT INTO `tb_matricula` VALUES (00000000062, 151775, 00000005, 00000000006, NULL, NULL, NULL, NULL, NULL, '2019-I');
INSERT INTO `tb_matricula` VALUES (00000000063, 134541, 00000005, 00000000006, NULL, NULL, NULL, NULL, NULL, '2019-I');
INSERT INTO `tb_matricula` VALUES (00000000064, 111651, 00000005, 00000000006, NULL, NULL, NULL, NULL, NULL, '2019-I');
INSERT INTO `tb_matricula` VALUES (00000000065, 951304, 00000005, 00000000006, NULL, NULL, NULL, NULL, NULL, '2019-I');
INSERT INTO `tb_matricula` VALUES (00000000066, 101036, 00000005, 00000000006, NULL, NULL, NULL, NULL, NULL, '2019-I');
INSERT INTO `tb_matricula` VALUES (00000000067, 100248, 00000005, 00000000006, NULL, NULL, NULL, NULL, NULL, '2019-I');
INSERT INTO `tb_matricula` VALUES (00000000068, 144994, 00000005, 00000000006, NULL, NULL, NULL, NULL, NULL, '2019-I');
INSERT INTO `tb_matricula` VALUES (00000000069, 103649, 00000005, 00000000006, NULL, NULL, NULL, NULL, NULL, '2019-I');
INSERT INTO `tb_matricula` VALUES (00000000070, 133581, 00000005, 00000000006, NULL, NULL, NULL, NULL, NULL, '2019-I');
INSERT INTO `tb_matricula` VALUES (00000000071, 101037, 00000005, 00000000006, NULL, NULL, NULL, NULL, NULL, '2019-I');
INSERT INTO `tb_matricula` VALUES (00000000072, 124219, 00000005, 00000000006, NULL, NULL, NULL, NULL, NULL, '2019-I');
INSERT INTO `tb_matricula` VALUES (00000000073, 134544, 00000005, 00000000006, NULL, NULL, NULL, NULL, NULL, '2019-I');

-- ----------------------------
-- Table structure for tb_registroasistencia
-- ----------------------------
DROP TABLE IF EXISTS `tb_registroasistencia`;
CREATE TABLE `tb_registroasistencia`  (
  `id` int(11) UNSIGNED ZEROFILL NOT NULL AUTO_INCREMENT,
  `iddetalle` int(11) UNSIGNED ZEROFILL NOT NULL,
  `tema` varchar(300) CHARACTER SET latin1 COLLATE latin1_swedish_ci NOT NULL,
  `fecha` date NOT NULL,
  `hora` time(0) NOT NULL,
  PRIMARY KEY (`id`) USING BTREE,
  INDEX `keycargadetalle`(`iddetalle`) USING BTREE,
  CONSTRAINT `keycargadetalle` FOREIGN KEY (`iddetalle`) REFERENCES `tb_cargadetalle` (`id`) ON DELETE NO ACTION ON UPDATE CASCADE
) ENGINE = InnoDB AUTO_INCREMENT = 1 CHARACTER SET = latin1 COLLATE = latin1_swedish_ci ROW_FORMAT = Dynamic;

-- ----------------------------
-- Table structure for tb_registrodetalle
-- ----------------------------
DROP TABLE IF EXISTS `tb_registrodetalle`;
CREATE TABLE `tb_registrodetalle`  (
  `id` int(11) UNSIGNED ZEROFILL NOT NULL AUTO_INCREMENT,
  `idregistro` int(11) UNSIGNED ZEROFILL NOT NULL,
  `idalumno` int(6) UNSIGNED ZEROFILL NOT NULL,
  `horallega` time(0) NULL DEFAULT NULL,
  PRIMARY KEY (`id`) USING BTREE,
  INDEX `keyalumn`(`idalumno`) USING BTREE,
  INDEX `keyregdetalle`(`idregistro`) USING BTREE,
  CONSTRAINT `keyalumn` FOREIGN KEY (`idalumno`) REFERENCES `tb_alumno` (`idcodigo`) ON DELETE NO ACTION ON UPDATE CASCADE,
  CONSTRAINT `keyregdetalle` FOREIGN KEY (`idregistro`) REFERENCES `tb_registroasistencia` (`id`) ON DELETE NO ACTION ON UPDATE CASCADE
) ENGINE = InnoDB AUTO_INCREMENT = 1 CHARACTER SET = latin1 COLLATE = latin1_swedish_ci ROW_FORMAT = Dynamic;

-- ----------------------------
-- Table structure for users
-- ----------------------------
DROP TABLE IF EXISTS `users`;
CREATE TABLE `users`  (
  `id` int(9) NOT NULL AUTO_INCREMENT,
  `name` varchar(85) CHARACTER SET latin1 COLLATE latin1_swedish_ci NOT NULL,
  `email` varchar(175) CHARACTER SET latin1 COLLATE latin1_swedish_ci NOT NULL,
  `password` varchar(255) CHARACTER SET latin1 COLLATE latin1_swedish_ci NOT NULL,
  `permisos` varchar(800) CHARACTER SET latin1 COLLATE latin1_swedish_ci NULL DEFAULT NULL,
  `direccion` varchar(200) CHARACTER SET latin1 COLLATE latin1_swedish_ci NULL DEFAULT NULL,
  `telefono` varchar(9) CHARACTER SET latin1 COLLATE latin1_swedish_ci NULL DEFAULT NULL,
  `updated_at` datetime(0) NULL DEFAULT NULL,
  `created_at` datetime(0) NULL DEFAULT NULL,
  PRIMARY KEY (`id`) USING BTREE
) ENGINE = InnoDB AUTO_INCREMENT = 4 CHARACTER SET = latin1 COLLATE = latin1_swedish_ci ROW_FORMAT = Dynamic;

-- ----------------------------
-- Records of users
-- ----------------------------
INSERT INTO `users` VALUES (1, 'daniel', 'daniel_ugarte465@outlook.com', '$2y$10$tb02oFExAF9F3eSlo.f2yuUWo6.P1p4so.BFdE7ijqC5eN50Ts156', NULL, NULL, NULL, '2019-08-19 06:55:12', '2019-08-19 06:55:12');
INSERT INTO `users` VALUES (2, 'denis', 'dennis@unsaac.edu.pe', '$2y$10$z37UcqE3niBqD01iha.0h.5yL0sPL3zWz6fyG207KnwmsRbNaQJvK', NULL, NULL, NULL, '2019-08-19 07:04:27', '2019-08-19 07:04:27');
INSERT INTO `users` VALUES (3, 'Javier', '143832@unsaac.edu.pe', '$2y$10$Ar.bKPooCnVnED3tw/88Dep3aJl3yHS9nQ40gIoarnaSJI/1fHGo.', NULL, NULL, NULL, '2019-08-19 16:05:06', '2019-08-19 16:05:06');

SET FOREIGN_KEY_CHECKS = 1;
